"1","58","Carl Heller","Christine Bartoletti","Lead Optimization Consultant"
"2","109","Lindsay Larson DVM","Mr. Antonio Jerde IV","Dynamic Functionality Associate"
"3","96","Kellie Huel","Krista Cummings","Customer Web Technician"
"4","45","Alonzo Ankunding","Dr. Alexis Cremin","Human Data Analyst"
"5","66","Arnold Kertzmann","Kerry Ratke","International Response Administrator"
"6","35","Clark Koepp","Luis Koelpin","Chief Group Director"
"7","59","Judy Franecki","Darnell Abshire","Central Interactions Administrator"
"8","103","Catherine Bartell","Leroy Gibson","Customer Solutions Director"
"9","93","Patsy Bradtke","Colin O'Conner","Regional Factors Planner"
"10","58","Amber Emmerich","Kimberly Gerlach IV","Forward Division Designer"
"11","50","Ted Hartmann","Jason Bogan","Chief Response Director"
"12","109","Gerardo Zulauf","Sharon Zboncak","Investor Data Liaison"
"13","58","Janet Skiles","Dr. Lucas Durgan","Global Identity Agent"
"14","74","Ernestine Nicolas","Mr. Wallace Romaguera","National Implementation Agent"
"15","68","Hilda Armstrong","Dianne Bosco IV","Customer Paradigm Administrator"
"16","6","Sophie Langosh","Percy Littel","Chief Response Developer"
"17","115","Debra Rogahn","Anita Streich","Senior Configuration Architect"
"18","93","Kristine Lesch","Marsha Turner","Global Response Architect"
"19","41","Mr. Gregory Dare","Jamie Herman","Principal Markets Liaison"
"20","96","Jason Moore-Olson","Gene Cormier","International Mobility Architect"
"21","63","Doyle Davis","Johnathan Hilll","National Creative Engineer"
"22","15","Wilma Osinski","Joann Yost","Direct Integration Liaison"
"23","108","Karen Sipes PhD","Donald Gusikowski","Dynamic Markets Manager"
"24","33","Marianne Murphy","Preston Purdy","Principal Group Designer"
"25","112","Kristie Zulauf","Jonathon White","Future Web Coordinator"
"26","10","Miss Ruby Tillman Jr.","Delia Watsica","Principal Assurance Analyst"
"27","16","Cindy Crist","Julius Morissette","Corporate Operations Consultant"
"28","20","Jean Spinka-Gislason","Stanley Volkman Sr.","Investor Solutions Designer"
"29","27","Samantha Satterfield","Ruby Kub","Principal Optimization Assistant"
"30","51","Damon Hegmann-Labadie","Sara Hand","Regional Data Analyst"
"31","14","Dr. Katie Raynor V","Arlene Medhurst","Internal Configuration Coordinator"
"32","57","Jerome Jast","Rosemary Aufderhar","Dynamic Metrics Architect"
"33","97","Dr. Cecil Shields","Grace Spencer","Principal Web Coordinator"
"34","48","Marcella Schuster-Brakus","Lynne Gislason","Global Research Officer"
"35","83","Angel Emard","Gregg Rice DDS","Global Program Consultant"
"36","0","Josephine Murphy-Halvorson","Dixie Strosin Sr.","Regional Factors Technician"
"37","64","Mae Kemmer","Michael Oberbrunner","Legacy Markets Manager"
"38","82","Josefina Cole","Jacqueline Labadie","Principal Usability Associate"
"39","31","Josh Cruickshank","Pauline Ferry","Customer Quality Executive"
"40","57","Boyd Haley","Pete Buckridge","Lead Tactics Orchestrator"
"41","40","Bessie Stehr","Elias Beatty","Direct Paradigm Executive"
"42","38","Randy Robel","Doyle Wiza","Regional Factors Liaison"
"43","107","Stuart Powlowski","Judy Pfannerstill","Principal Identity Architect"
"44","64","Tracy Steuber","Ernest Wunsch","Investor Security Administrator"
"45","17","Allan Adams I","Stella Ritchie","Product Solutions Consultant"
"46","52","Marsha Hintz","Miss Colleen Feeney","Customer Directives Orchestrator"
"47","70","Donnie Bosco","Neil McKenzie","Regional Web Assistant"
"48","67","Gerald Kunde","Vicki Wiegand MD","Legacy Creative Officer"
"49","70","Orville Sipes-Lebsack","Katherine Hauck","Central Infrastructure Facilitator"
"50","109","Orville Gibson","Traci Crooks IV","Chief Creative Officer"
"51","8","Krista Becker V","Bert Abbott","Direct Mobility Director"
"52","35","May Fisher","Jody Schiller","Future Marketing Facilitator"
"53","23","Geneva Rau","Miss Katrina Lehner","Forward Web Agent"
"54","99","Natasha Reilly","Dominick Breitenberg","District Accountability Developer"
"55","36","Ernesto Renner","Esther Stark DDS","Principal Research Analyst"
"56","92","Miguel Casper","Antonia Sauer-Tremblay Jr.","Customer Communications Executive"
"57","27","Christian Wiegand","Roxanne Block","Internal Brand Strategist"
"58","18","Jenny Dicki","Roger Quitzon","Corporate Directives Officer"
"59","65","Lynette Gleason","Verna Heller","Product Solutions Officer"
"60","57","Dr. Kelley Kerluke","Mr. Lewis D'Amore","Regional Communications Consultant"
"61","103","Kirk Emard I","Amelia Collins","Dynamic Directives Designer"
"62","52","Mr. Doyle Olson","Bruce Kiehn","Regional Creative Producer"
"63","52","Traci Williamson","Daniel Hilll","Forward Optimization Assistant"
"64","75","Teri Rowe","Carol Stracke","Customer Quality Strategist"
"65","97","Vera Pagac","Darnell Parisian","International Marketing Developer"
"66","30","Leigh Turcotte","Eduardo Johnson","Senior Paradigm Executive"
"67","114","Ellis Hoeger","Jerry Reichel","Internal Intranet Consultant"
"68","97","Kristine Fahey","Mr. Julius Williamson","Human Program Planner"
"69","28","Mrs. Lee Hermiston","Jeannette Kshlerin","Future Accountability Coordinator"
"70","47","Dr. Lorena Stiedemann","Irma Smitham","Product Brand Facilitator"
"71","41","Brendan Ortiz","Israel Crona","Corporate Intranet Developer"
"72","92","Matt Wuckert","Hector Cruickshank","Human Branding Manager"
"73","79","Diana Olson","Erma Jacobi","Product Marketing Planner"
"74","54","Max Stamm","Dr. Jeremy Padberg","Forward Identity Representative"
"75","8","Orlando West","Ronnie Little","Regional Factors Executive"
"76","41","Bessie Hand","Doris Casper","Central Division Associate"
"77","95","Yvette Muller PhD","Jamie Tremblay","Regional Research Officer"
"78","119","Eugene Bradtke","Doris McClure","Forward Branding Planner"
"79","20","Guadalupe Bednar","Elaine Lebsack","Human Creative Developer"
"80","82","Drew Donnelly","Bessie Wunsch","Product Web Specialist"
"81","76","Victor Durgan","Kenny Bartell","Corporate Infrastructure Executive"
"82","14","Mr. Billy Kling","Ann Bauch","District Brand Facilitator"
"83","93","Carol Bernhard","Toby Wehner","Chief Data Producer"
"84","2","Rochelle Pfeffer II","Enrique Gleason","National Identity Liaison"
"85","33","Ryan Kutch","Debra McDermott","Regional Quality Developer"
"86","17","Sabrina Will-Gutmann V","Kevin Mante","National Tactics Specialist"
"87","19","Rodney Roob III","Joel Lakin","Senior Data Producer"
"88","13","Angel Volkman","Mr. Stephen Kreiger","Regional Identity Facilitator"
"89","109","Katherine Turner","Jan Mohr","Global Configuration Assistant"
"90","23","Leticia Rutherford","Mr. Ted Erdman","Principal Metrics Facilitator"
"91","49","Hattie Zulauf","Janet Effertz MD","International Quality Engineer"
"92","20","Mr. Sherman Block","Saul Cartwright PhD","Future Factors Supervisor"
"93","7","Ms. Marianne Wolf","Elsa Jerde","Central Group Officer"
"94","82","Seth Marquardt","Genevieve Nienow","Chief Factors Specialist"
"95","30","Tommy Heaney","Jeremy Beier","Dynamic Tactics Designer"
"96","49","Dr. Karen Schaefer","Owen Ferry","Customer Factors Producer"
"97","11","Emmett Spinka","Gene Beahan","Dynamic Identity Assistant"
"98","39","Benny Koelpin","Lee Lakin","Direct Quality Executive"
"99","4","Darnell Hartmann","Janice Maggio","Forward Data Engineer"
"100","104","Mona Mann","Gilberto Reichert","Legacy Applications Planner"
"101","106","Woodrow Simonis","Marshall Schumm III","Forward Group Designer"
"102","40","Dr. Pearl Fahey","Edmond Wolf","Lead Response Consultant"
"103","22","Mandy McGlynn","George Ebert","Legacy Communications Representative"
"104","68","Marlene Hintz","Carmen Bradtke","Investor Functionality Technician"
"105","119","Winston Leannon","Eunice Lueilwitz","Human Creative Designer"
"106","86","Jasmine Fay","Emily Ledner","Future Intranet Representative"
"107","56","Melinda Simonis","Dorothy Abshire","Customer Quality Analyst"
"108","106","Meredith Hayes","Leigh Koch","International Implementation Engineer"
"109","100","Samuel Pollich","Terry Dickinson","Human Accountability Engineer"
"110","18","Ms. Lucia McKenzie-Jaskolski","Amanda O'Kon","Product Applications Strategist"
"111","31","Percy Donnelly IV","Richard Schuppe","Legacy Response Consultant"
"112","82","Howard Thiel","Ronald Dickinson","Legacy Functionality Technician"
"113","44","Dr. Clayton Vandervort MD","Cody Paucek","Future Communications Designer"
"114","87","Mr. Lewis Rippin","Heather Ziemann","Human Implementation Administrator"
"115","1","Ronnie Stamm","Gilbert Legros III","Principal Identity Administrator"
"116","2","Sylvia McGlynn","Dr. Rosemarie Labadie","Internal Identity Executive"
"117","49","Ms. Eunice Bosco","Dr. Alberto Pacocha","Lead Accountability Coordinator"
"118","9","Leslie Huel","Jeff Runolfsdottir","Future Configuration Officer"
"119","94","Duane Cummings I","Mindy Dare","District Web Specialist"
"120","47","Craig Boyle","Rita Dibbert II","Regional Implementation Manager"
"false","42","Ashley Watsica","Sonia Weimann",""
"-100","true","false","Lindsay Rippin-Robel","Direct Metrics Consultant"
"-10000","18","Estelle Blanda","Mrs. Patricia Fay","Investor Web Executive"
"-1","90","false","Juan Wiza DDS","Product Optimization Strategist"
"-10000","69","Mercedes Klein","Roland Pagac","Principal Optimization Associate"
"true","86","","true","Legacy Interactions Planner"
"-221","40","Dr. Cary Blanda","Julian Schroeder","Future Factors Coordinator"
"undefined","96","May Adams","true","Lead Paradigm Strategist"
"","81","Emilio Sauer","Patti Ratke","Customer Accountability Agent"
"-10000","6","-1","Ervin Dach","Legacy Branding Agent"
"-1","50","Tracy Moen","undefined","-1"
"undefined","35","Melody Runolfsson","","Product Markets Engineer"
"-10000","91","","Wallace McGlynn","Principal Quality Designer"
"-1","79","-10000","Stewart Rutherford","Principal Group Supervisor"
"undefined","33","undefined","Victoria Bergnaum","Customer Group Specialist"
"-10000","67","Simon Strosin","Hope Rath","Global Program Developer"
"-100","107","Greg Grant","Suzanne Lesch","Product Accountability Producer"
"false","102","Dr. Frankie Sporer","Renee Schultz","Chief Response Director"
"false","15","Sarah Kris","Joel Ledner","Internal Functionality Orchestrator"
"undefined","79","Salvatore Cronin","Dennis Barrows-Hermiston","Principal Intranet Producer"
"undefined","97","-1","Edward Hessel","Senior Division Executive"
"false","94","Mr. Clifton McCullough","Ashley Muller","Investor Factors Representative"
"-1","18","Robin Dibbert","Ada Price-Shields","Customer Metrics Architect"
"-1","27","Claudia Gorczany","Louis Wisozk","Investor Directives Officer"
"true","60","Leroy Quitzon DDS","Stacey Raynor","National Operations Assistant"
"null","117","Amanda Borer","Terry Pfeffer","Lead Assurance Executive"
"","60","Dr. Dennis Koch-Beer","Frederick Wilderman","Forward Security Officer"
"false","78","Jeff Dickinson DVM","Meghan Dickinson","Global Tactics Strategist"
"-10000","","Sharon Welch","Mario Casper Sr.","Chief Infrastructure Administrator"
"-10000","2","true","Shelley Beahan","Regional Intranet Technician"
"-10000","58","null","-1","-221"
"null","-221","true","Devin Waters","Legacy Configuration Manager"
"-1","62","-10000","Rosie Schinner","Legacy Intranet Officer"
"false","49","Ms. Angela Rosenbaum","Miss Rachel Dibbert",""
"","87","Dean Jerde I","Ryan Runolfsson","Central Security Associate"
"-10000","78","Mamie Barton","Kevin Lebsack","Lead Marketing Coordinator"
"-10000","102","Jon Wunsch","undefined","Dynamic Division Analyst"
"undefined","28","Ms. Annette Roob","undefined","Regional Infrastructure Consultant"
"","72","Douglas Hahn II","Leland Kozey","Corporate Identity Technician"
"false","89","Shari Quitzon","Nicholas Metz","Senior Accountability Orchestrator"
"-1","-1","false","-100","Chief Security Technician"
"-1","true","Ms. Lucy Herzog-Will","Emmett Bergnaum","-10000"
"null","67","-1","Eleanor Ullrich IV","-1"
"-221","11","Lucille Parker-Balistreri","Sally Blanda","District Division Developer"
"false","-100","Enrique VonRueden","-10000","Direct Branding Specialist"
